pdb,buried_area,scaled_area
R1,370.663,0.709978
R2,284.462,0.469412
R3,367.024,0.699823
R4,384.055,0.747352
R5,374.612,0.720999
R6,224.216,0.30128
R7,355.153,0.666694
R8,332.395,0.603181
R9,285.809,0.473171
R10,257.983,0.395515
R11,301.685,0.517477
R12,340.734,0.626454
R13,322.905,0.576697
