query,res_int,hydro,bulk,volume,roe,specificity
4ib4_A.0001.pdb,0.72162963,0.986942757,0.922459856,0.902683325,0.369346208,0.413878518
4ib4_A.0003.pdb,0.713865961,0.104516249,0.64588494,0.861154036,-0.241788227,0.859447682
4ib4_A.0006.pdb,0.833428571,0.895040633,0.830486085,0.46975394,0.886314806,0.164934455
4ib4_A.0007.pdb,0.639670782,0.79023005,0.747536071,0.698627994,-0.122447489,0.750929908
4ib4_A.0008.pdb,0.443703704,0.467979961,0,0.690807625,0.84783404,0.349533729
