aa,resn,volume (A^3),scaled volume (A^3),UHS,scaled UHS
A,ALA,88.6,0.169946333,-0.16,-0.558823529
C,CYS,108.5,0.288610614,0.01,-0.308823529
D,ASP,111.1,0.30411449,0.73,0.75
E,GLU,138.4,0.466905188,0.7,0.705882353
F,PHE,189.9,0.774001193,-0.46,-1
G,GLY,60.1,0,-0.2,-0.617647059
H,HIS,153.2,0.55515802,0.38,0.235294118
I,ILE,166.7,0.635658915,-0.39,-0.897058824
K,LYS,168.6,0.64698867,0.9,1
L,LEU,166.7,0.635658915,-0.3,-0.764705882
M,MET,162.9,0.612999404,-0.2,-0.617647059
N,ASN,114.1,0.322003578,0.5,0.411764706
P,PRO,112.7,0.313655337,0.5,0.411764706
Q,GLN,143.8,0.499105546,0.46,0.352941176
R,ARG,173.4,0.67561121,0.55,0.485294118
S,SER,89,0.172331544,0.06,-0.235294118
T,THR,116.1,0.333929636,-0.01,-0.338235294
V,VAL,140,0.476446035,-0.25,-0.691176471
W,TRP,227.8,1,-0.03,-0.367647059
Y,TYR,193.6,0.796064401,-0.12,-0.5
