pdb,buried_area,scaled_area
R1,370.663,0.709978
R2,284.462,0.469412
R3,354.642,0.665268
R4,367.024,0.699823
R5,384.055,0.747352
R6,374.612,0.720999
R7,224.216,0.30128
R8,284.006,0.468139
R9,355.153,0.666694
R10,285.809,0.473171
R11,257.983,0.395515
R12,301.685,0.517477
R13,340.734,0.626454
